filename,label
circle_157.png,circle
rectangle_746.png,rectangle
triangle_23.png,triangle
circle_631.png,circle
triangle_37.png,triangle
circle_625.png,circle
circle_143.png,circle
rectangle_752.png,rectangle
triangle_768.png,triangle
triangle_998.png,triangle
triangle_740.png,triangle
rectangle_12.png,rectangle
circle_619.png,circle
triangle_754.png,triangle
rectangle_0.png,rectangle
circle_6.png,circle
rectangle_785.png,rectangle
circle_194.png,circle
triangle_967.png,triangle
triangle_973.png,triangle
rectangle_791.png,rectangle
circle_180.png,circle
rectangle_949.png,rectangle
triangle_783.png,triangle
rectangle_961.png,rectangle
circle_816.png,circle
circle_802.png,circle
rectangle_975.png,rectangle
triangle_797.png,triangle
triangle_218.png,triangle
circle_433.png,circle
rectangle_222.png,rectangle
rectangle_544.png,rectangle
circle_355.png,circle
rectangle_550.png,rectangle
circle_341.png,circle
circle_427.png,circle
rectangle_236.png,rectangle
triangle_224.png,triangle
triangle_542.png,triangle
rectangle_578.png,rectangle
circle_369.png,circle
triangle_556.png,triangle
triangle_230.png,triangle
circle_10.png,circle
circle_396.png,circle
rectangle_587.png,rectangle
circle_382.png,circle
rectangle_593.png,rectangle
triangle_0.png,triangle
triangle_581.png,triangle
triangle_595.png,triangle
circle_38.png,circle
rectangle_356.png,rectangle
circle_547.png,circle
circle_221.png,circle
rectangle_430.png,rectangle
circle_235.png,circle
rectangle_424.png,rectangle
rectangle_342.png,rectangle
circle_553.png,circle
triangle_378.png,triangle
triangle_350.png,triangle
triangle_436.png,triangle
circle_209.png,circle
rectangle_418.png,rectangle
triangle_422.png,triangle
triangle_344.png,triangle
circle_584.png,circle
rectangle_395.png,rectangle
circle_590.png,circle
rectangle_381.png,rectangle
triangle_393.png,triangle
triangle_387.png,triangle
triangle_608.png,triangle
rectangle_632.png,rectangle
circle_745.png,circle
rectangle_154.png,rectangle
circle_751.png,circle
circle_989.png,circle
rectangle_140.png,rectangle
rectangle_626.png,rectangle
triangle_634.png,triangle
triangle_152.png,triangle
circle_779.png,circle
rectangle_168.png,rectangle
triangle_146.png,triangle
triangle_620.png,triangle
rectangle_829.png,rectangle
triangle_813.png,triangle
rectangle_197.png,rectangle
circle_786.png,circle
rectangle_183.png,rectangle
circle_792.png,circle
triangle_807.png,triangle
rectangle_815.png,rectangle
circle_962.png,circle
triangle_191.png,triangle
triangle_185.png,triangle
circle_976.png,circle
rectangle_801.png,rectangle
circle_977.png,circle
triangle_184.png,triangle
rectangle_800.png,rectangle
rectangle_814.png,rectangle
triangle_190.png,triangle
circle_963.png,circle
circle_793.png,circle
rectangle_182.png,rectangle
triangle_806.png,triangle
triangle_812.png,triangle
rectangle_828.png,rectangle
circle_787.png,circle
rectangle_196.png,rectangle
triangle_147.png,triangle
triangle_621.png,triangle
triangle_635.png,triangle
rectangle_169.png,rectangle
circle_778.png,circle
triangle_153.png,triangle
rectangle_141.png,rectangle
circle_988.png,circle
circle_750.png,circle
rectangle_627.png,rectangle
rectangle_633.png,rectangle
triangle_609.png,triangle
rectangle_155.png,rectangle
circle_744.png,circle
triangle_386.png,triangle
triangle_392.png,triangle
rectangle_380.png,rectangle
circle_591.png,circle
rectangle_394.png,rectangle
circle_585.png,circle
triangle_423.png,triangle
rectangle_419.png,rectangle
circle_208.png,circle
triangle_345.png,triangle
triangle_351.png,triangle
triangle_437.png,triangle
rectangle_425.png,rectangle
circle_234.png,circle
triangle_379.png,triangle
circle_552.png,circle
rectangle_343.png,rectangle
circle_546.png,circle
rectangle_357.png,rectangle
rectangle_431.png,rectangle
circle_220.png,circle
triangle_594.png,triangle
circle_39.png,circle
triangle_580.png,triangle
triangle_1.png,triangle
rectangle_592.png,rectangle
circle_383.png,circle
circle_11.png,circle
rectangle_586.png,rectangle
circle_397.png,circle
triangle_557.png,triangle
triangle_231.png,triangle
triangle_225.png,triangle
circle_368.png,circle
rectangle_579.png,rectangle
triangle_543.png,triangle
circle_340.png,circle
rectangle_551.png,rectangle
rectangle_237.png,rectangle
circle_426.png,circle
rectangle_223.png,rectangle
circle_432.png,circle
triangle_219.png,triangle
circle_354.png,circle
rectangle_545.png,rectangle
circle_803.png,circle
triangle_796.png,triangle
rectangle_974.png,rectangle
rectangle_960.png,rectangle
triangle_782.png,triangle
circle_817.png,circle
rectangle_948.png,rectangle
circle_181.png,circle
rectangle_790.png,rectangle
triangle_972.png,triangle
triangle_966.png,triangle
circle_195.png,circle
rectangle_784.png,rectangle
circle_618.png,circle
rectangle_1.png,rectangle
circle_7.png,circle
triangle_755.png,triangle
triangle_741.png,triangle
triangle_999.png,triangle
rectangle_13.png,rectangle
circle_624.png,circle
triangle_36.png,triangle
triangle_769.png,triangle
rectangle_753.png,rectangle
circle_142.png,circle
rectangle_747.png,rectangle
circle_156.png,circle
circle_630.png,circle
triangle_22.png,triangle
circle_140.png,circle
rectangle_989.png,rectangle
rectangle_751.png,rectangle
rectangle_39.png,rectangle
triangle_34.png,triangle
circle_626.png,circle
triangle_20.png,triangle
circle_632.png,circle
circle_154.png,circle
rectangle_745.png,rectangle
triangle_757.png,triangle
circle_5.png,circle
rectangle_3.png,rectangle
rectangle_11.png,rectangle
circle_168.png,circle
rectangle_779.png,rectangle
triangle_743.png,triangle
triangle_970.png,triangle
rectangle_792.png,rectangle
circle_183.png,circle
circle_829.png,circle
rectangle_786.png,rectangle
circle_197.png,circle
triangle_964.png,triangle
rectangle_976.png,rectangle
triangle_794.png,triangle
circle_801.png,circle
circle_815.png,circle
triangle_780.png,triangle
triangle_958.png,triangle
rectangle_962.png,rectangle
circle_424.png,circle
rectangle_235.png,rectangle
triangle_569.png,triangle
rectangle_553.png,rectangle
circle_342.png,circle
rectangle_547.png,rectangle
circle_356.png,circle
circle_430.png,circle
rectangle_221.png,rectangle
triangle_233.png,triangle
circle_418.png,circle
rectangle_209.png,rectangle
triangle_555.png,triangle
triangle_541.png,triangle
triangle_227.png,triangle
circle_381.png,circle
rectangle_590.png,rectangle
triangle_3.png,triangle
circle_395.png,circle
rectangle_584.png,rectangle
circle_13.png,circle
triangle_596.png,triangle
triangle_582.png,triangle
rectangle_341.png,rectangle
circle_550.png,circle
circle_236.png,circle
rectangle_427.png,rectangle
circle_222.png,circle
rectangle_433.png,rectangle
triangle_409.png,triangle
rectangle_355.png,rectangle
circle_544.png,circle
triangle_347.png,triangle
triangle_421.png,triangle
triangle_435.png,triangle
rectangle_369.png,rectangle
circle_578.png,circle
triangle_353.png,triangle
circle_593.png,circle
rectangle_382.png,rectangle
circle_587.png,circle
rectangle_396.png,rectangle
triangle_384.png,triangle
triangle_390.png,triangle
rectangle_625.png,rectangle
triangle_179.png,triangle
circle_752.png,circle
rectangle_143.png,rectangle
circle_746.png,circle
rectangle_157.png,rectangle
rectangle_631.png,rectangle
triangle_623.png,triangle
rectangle_619.png,rectangle
triangle_145.png,triangle
triangle_151.png,triangle
triangle_637.png,triangle
triangle_804.png,triangle
circle_949.png,circle
rectangle_180.png,rectangle
circle_791.png,circle
rectangle_194.png,rectangle
circle_785.png,circle
triangle_810.png,triangle
rectangle_802.png,rectangle
triangle_838.png,triangle
triangle_186.png,triangle
circle_975.png,circle
circle_961.png,circle
triangle_192.png,triangle
rectangle_816.png,rectangle
triangle_193.png,triangle
circle_960.png,circle
rectangle_817.png,rectangle
triangle_839.png,triangle
rectangle_803.png,rectangle
circle_974.png,circle
triangle_187.png,triangle
circle_784.png,circle
rectangle_195.png,rectangle
triangle_811.png,triangle
triangle_805.png,triangle
circle_790.png,circle
rectangle_181.png,rectangle
circle_948.png,circle
triangle_150.png,triangle
triangle_636.png,triangle
rectangle_618.png,rectangle
triangle_622.png,triangle
triangle_144.png,triangle
rectangle_156.png,rectangle
circle_747.png,circle
rectangle_630.png,rectangle
rectangle_624.png,rectangle
rectangle_142.png,rectangle
circle_753.png,circle
triangle_178.png,triangle
triangle_391.png,triangle
triangle_385.png,triangle
rectangle_397.png,rectangle
circle_586.png,circle
rectangle_383.png,rectangle
circle_592.png,circle
triangle_434.png,triangle
triangle_352.png,triangle
circle_579.png,circle
rectangle_368.png,rectangle
triangle_346.png,triangle
triangle_420.png,triangle
triangle_408.png,triangle
rectangle_432.png,rectangle
circle_223.png,circle
circle_545.png,circle
rectangle_354.png,rectangle
circle_551.png,circle
rectangle_340.png,rectangle
rectangle_426.png,rectangle
circle_237.png,circle
triangle_583.png,triangle
triangle_597.png,triangle
rectangle_585.png,rectangle
circle_394.png,circle
circle_12.png,circle
triangle_2.png,triangle
rectangle_591.png,rectangle
circle_380.png,circle
triangle_540.png,triangle
triangle_226.png,triangle
rectangle_208.png,rectangle
circle_419.png,circle
triangle_232.png,triangle
triangle_554.png,triangle
circle_357.png,circle
rectangle_546.png,rectangle
rectangle_220.png,rectangle
circle_431.png,circle
rectangle_234.png,rectangle
circle_425.png,circle
circle_343.png,circle
rectangle_552.png,rectangle
triangle_568.png,triangle
circle_814.png,circle
rectangle_963.png,rectangle
triangle_959.png,triangle
triangle_781.png,triangle
triangle_795.png,triangle
rectangle_977.png,rectangle
circle_800.png,circle
circle_828.png,circle
triangle_965.png,triangle
circle_196.png,circle
rectangle_787.png,rectangle
circle_182.png,circle
rectangle_793.png,rectangle
triangle_971.png,triangle
rectangle_10.png,rectangle
triangle_742.png,triangle
rectangle_778.png,rectangle
circle_169.png,circle
circle_4.png,circle
rectangle_2.png,rectangle
triangle_756.png,triangle
circle_633.png,circle
triangle_21.png,triangle
rectangle_744.png,rectangle
circle_155.png,circle
rectangle_750.png,rectangle
rectangle_988.png,rectangle
circle_141.png,circle
circle_627.png,circle
triangle_35.png,triangle
rectangle_38.png,rectangle
triangle_752.png,triangle
circle_179.png,circle
rectangle_6.png,rectangle
rectangle_768.png,rectangle
circle_0.png,circle
triangle_746.png,triangle
rectangle_14.png,rectangle
triangle_19.png,triangle
triangle_31.png,triangle
circle_623.png,circle
circle_145.png,circle
rectangle_754.png,rectangle
rectangle_998.png,rectangle
circle_151.png,circle
rectangle_740.png,rectangle
triangle_25.png,triangle
circle_637.png,circle
rectangle_28.png,rectangle
circle_804.png,circle
rectangle_973.png,rectangle
triangle_791.png,triangle
triangle_949.png,triangle
triangle_785.png,triangle
rectangle_967.png,rectangle
circle_810.png,circle
circle_838.png,circle
triangle_975.png,triangle
rectangle_797.png,rectangle
circle_186.png,circle
rectangle_783.png,rectangle
circle_192.png,circle
triangle_961.png,triangle
triangle_550.png,triangle
triangle_236.png,triangle
circle_409.png,circle
rectangle_218.png,rectangle
triangle_222.png,triangle
triangle_544.png,triangle
rectangle_556.png,rectangle
circle_347.png,circle
circle_421.png,circle
rectangle_230.png,rectangle
circle_435.png,circle
rectangle_224.png,rectangle
rectangle_542.png,rectangle
circle_353.png,circle
triangle_578.png,triangle
triangle_593.png,triangle
triangle_587.png,triangle
circle_384.png,circle
rectangle_595.png,rectangle
triangle_6.png,triangle
circle_16.png,circle
circle_390.png,circle
rectangle_581.png,rectangle
triangle_424.png,triangle
triangle_342.png,triangle
rectangle_378.png,rectangle
circle_569.png,circle
triangle_356.png,triangle
triangle_430.png,triangle
triangle_418.png,triangle
circle_233.png,circle
rectangle_422.png,rectangle
rectangle_344.png,rectangle
circle_555.png,circle
rectangle_350.png,rectangle
circle_541.png,circle
circle_227.png,circle
rectangle_436.png,rectangle
triangle_381.png,triangle
triangle_395.png,triangle
circle_596.png,circle
rectangle_387.png,rectangle
circle_582.png,circle
rectangle_393.png,rectangle
triangle_140.png,triangle
triangle_626.png,triangle
rectangle_608.png,rectangle
triangle_632.png,triangle
triangle_154.png,triangle
circle_757.png,circle
rectangle_146.png,rectangle
rectangle_620.png,rectangle
rectangle_634.png,rectangle
circle_743.png,circle
rectangle_152.png,rectangle
triangle_168.png,triangle
triangle_183.png,triangle
circle_970.png,circle
rectangle_807.png,rectangle
triangle_829.png,triangle
rectangle_813.png,rectangle
circle_964.png,circle
triangle_197.png,triangle
rectangle_185.png,rectangle
circle_794.png,circle
triangle_801.png,triangle
triangle_815.png,triangle
rectangle_191.png,rectangle
circle_958.png,circle
circle_780.png,circle
triangle_814.png,triangle
circle_781.png,circle
circle_959.png,circle
rectangle_190.png,rectangle
circle_795.png,circle
rectangle_184.png,rectangle
triangle_800.png,triangle
rectangle_812.png,rectangle
triangle_828.png,triangle
triangle_196.png,triangle
circle_965.png,circle
circle_971.png,circle
triangle_182.png,triangle
rectangle_806.png,rectangle
rectangle_635.png,rectangle
triangle_169.png,triangle
rectangle_153.png,rectangle
circle_742.png,circle
rectangle_147.png,rectangle
circle_756.png,circle
rectangle_621.png,rectangle
triangle_633.png,triangle
rectangle_609.png,rectangle
triangle_155.png,triangle
triangle_141.png,triangle
triangle_627.png,triangle
rectangle_392.png,rectangle
circle_583.png,circle
rectangle_386.png,rectangle
circle_597.png,circle
triangle_394.png,triangle
triangle_380.png,triangle
circle_540.png,circle
rectangle_351.png,rectangle
rectangle_437.png,rectangle
circle_226.png,circle
rectangle_423.png,rectangle
circle_232.png,circle
triangle_419.png,triangle
circle_554.png,circle
rectangle_345.png,rectangle
triangle_357.png,triangle
triangle_431.png,triangle
triangle_425.png,triangle
circle_568.png,circle
rectangle_379.png,rectangle
triangle_343.png,triangle
circle_17.png,circle
rectangle_580.png,rectangle
circle_391.png,circle
triangle_7.png,triangle
rectangle_594.png,rectangle
circle_385.png,circle
triangle_586.png,triangle
triangle_592.png,triangle
rectangle_225.png,rectangle
circle_434.png,circle
triangle_579.png,triangle
circle_352.png,circle
rectangle_543.png,rectangle
circle_346.png,circle
rectangle_557.png,rectangle
rectangle_231.png,rectangle
circle_420.png,circle
triangle_223.png,triangle
rectangle_219.png,rectangle
circle_408.png,circle
triangle_545.png,triangle
triangle_551.png,triangle
triangle_237.png,triangle
triangle_960.png,triangle
circle_193.png,circle
rectangle_782.png,rectangle
circle_839.png,circle
circle_187.png,circle
rectangle_796.png,rectangle
triangle_974.png,triangle
rectangle_966.png,rectangle
triangle_784.png,triangle
circle_811.png,circle
circle_805.png,circle
triangle_948.png,triangle
triangle_790.png,triangle
rectangle_972.png,rectangle
rectangle_741.png,rectangle
circle_150.png,circle
rectangle_999.png,rectangle
rectangle_29.png,rectangle
circle_636.png,circle
triangle_24.png,triangle
circle_622.png,circle
triangle_30.png,triangle
rectangle_755.png,rectangle
circle_144.png,circle
triangle_747.png,triangle
triangle_18.png,triangle
rectangle_15.png,rectangle
rectangle_769.png,rectangle
rectangle_7.png,rectangle
circle_1.png,circle
circle_178.png,circle
triangle_753.png,triangle
rectangle_17.png,rectangle
circle_608.png,circle
triangle_745.png,triangle
triangle_989.png,triangle
triangle_751.png,triangle
circle_3.png,circle
rectangle_5.png,rectangle
triangle_26.png,triangle
circle_634.png,circle
triangle_779.png,triangle
circle_152.png,circle
rectangle_743.png,rectangle
circle_146.png,circle
rectangle_757.png,rectangle
triangle_32.png,triangle
circle_620.png,circle
circle_813.png,circle
triangle_786.png,triangle
rectangle_964.png,rectangle
rectangle_970.png,rectangle
triangle_792.png,triangle
circle_807.png,circle
rectangle_780.png,rectangle
rectangle_958.png,rectangle
circle_191.png,circle
triangle_962.png,triangle
triangle_976.png,triangle
rectangle_794.png,rectangle
circle_185.png,circle
triangle_547.png,triangle
triangle_221.png,triangle
triangle_235.png,triangle
rectangle_569.png,rectangle
circle_378.png,circle
triangle_553.png,triangle
rectangle_541.png,rectangle
circle_350.png,circle
circle_436.png,circle
rectangle_227.png,rectangle
circle_422.png,circle
rectangle_233.png,rectangle
triangle_209.png,triangle
rectangle_555.png,rectangle
circle_344.png,circle
triangle_584.png,triangle
circle_29.png,circle
triangle_590.png,triangle
circle_393.png,circle
rectangle_582.png,rectangle
circle_15.png,circle
circle_387.png,circle
rectangle_596.png,rectangle
triangle_5.png,triangle
triangle_433.png,triangle
circle_218.png,circle
rectangle_409.png,rectangle
triangle_355.png,triangle
triangle_341.png,triangle
triangle_427.png,triangle
circle_224.png,circle
rectangle_435.png,rectangle
triangle_369.png,triangle
rectangle_353.png,rectangle
circle_542.png,circle
rectangle_347.png,rectangle
circle_556.png,circle
circle_230.png,circle
rectangle_421.png,rectangle
triangle_396.png,triangle
triangle_382.png,triangle
circle_581.png,circle
rectangle_390.png,rectangle
circle_595.png,circle
rectangle_384.png,rectangle
triangle_157.png,triangle
triangle_631.png,triangle
triangle_625.png,triangle
circle_768.png,circle
rectangle_179.png,rectangle
triangle_143.png,triangle
circle_740.png,circle
rectangle_151.png,rectangle
circle_998.png,circle
rectangle_637.png,rectangle
rectangle_623.png,rectangle
triangle_619.png,triangle
circle_754.png,circle
rectangle_145.png,rectangle
circle_967.png,circle
triangle_194.png,triangle
rectangle_810.png,rectangle
rectangle_804.png,rectangle
triangle_180.png,triangle
circle_973.png,circle
rectangle_192.png,rectangle
circle_783.png,circle
triangle_816.png,triangle
triangle_802.png,triangle
rectangle_838.png,rectangle
rectangle_186.png,rectangle
circle_797.png,circle
rectangle_839.png,rectangle
triangle_803.png,triangle
circle_796.png,circle
rectangle_187.png,rectangle
circle_782.png,circle
rectangle_193.png,rectangle
triangle_817.png,triangle
rectangle_805.png,rectangle
circle_972.png,circle
triangle_181.png,triangle
triangle_195.png,triangle
circle_966.png,circle
rectangle_811.png,rectangle
triangle_618.png,triangle
rectangle_622.png,rectangle
rectangle_144.png,rectangle
circle_755.png,circle
circle_999.png,circle
rectangle_150.png,rectangle
circle_741.png,circle
rectangle_636.png,rectangle
triangle_624.png,triangle
triangle_142.png,triangle
rectangle_178.png,rectangle
circle_769.png,circle
triangle_156.png,triangle
triangle_630.png,triangle
rectangle_385.png,rectangle
circle_594.png,circle
rectangle_391.png,rectangle
circle_580.png,circle
triangle_383.png,triangle
triangle_397.png,triangle
circle_557.png,circle
rectangle_346.png,rectangle
rectangle_420.png,rectangle
circle_231.png,circle
rectangle_434.png,rectangle
circle_225.png,circle
circle_543.png,circle
rectangle_352.png,rectangle
triangle_368.png,triangle
triangle_340.png,triangle
triangle_426.png,triangle
rectangle_408.png,rectangle
circle_219.png,circle
triangle_432.png,triangle
triangle_354.png,triangle
triangle_4.png,triangle
rectangle_597.png,rectangle
circle_386.png,circle
rectangle_583.png,rectangle
circle_392.png,circle
circle_14.png,circle
triangle_591.png,triangle
triangle_585.png,triangle
circle_28.png,circle
triangle_208.png,triangle
rectangle_232.png,rectangle
circle_423.png,circle
circle_345.png,circle
rectangle_554.png,rectangle
circle_351.png,circle
rectangle_540.png,rectangle
rectangle_226.png,rectangle
circle_437.png,circle
triangle_234.png,triangle
triangle_552.png,triangle
circle_379.png,circle
rectangle_568.png,rectangle
triangle_546.png,triangle
triangle_220.png,triangle
circle_184.png,circle
rectangle_795.png,rectangle
triangle_977.png,triangle
triangle_963.png,triangle
circle_190.png,circle
rectangle_959.png,rectangle
rectangle_781.png,rectangle
triangle_793.png,triangle
rectangle_971.png,rectangle
circle_806.png,circle
circle_812.png,circle
rectangle_965.png,rectangle
triangle_787.png,triangle
rectangle_756.png,rectangle
circle_147.png,circle
circle_621.png,circle
triangle_33.png,triangle
circle_635.png,circle
triangle_27.png,triangle
rectangle_742.png,rectangle
circle_153.png,circle
triangle_778.png,triangle
circle_2.png,circle
rectangle_4.png,rectangle
triangle_750.png,triangle
triangle_988.png,triangle
circle_609.png,circle
rectangle_16.png,rectangle
triangle_744.png,triangle
triangle_40.png,triangle
circle_652.png,circle
circle_134.png,circle
rectangle_725.png,rectangle
circle_120.png,circle
rectangle_731.png,rectangle
triangle_54.png,triangle
circle_646.png,circle
rectangle_59.png,rectangle
rectangle_71.png,rectangle
triangle_723.png,triangle
circle_108.png,circle
rectangle_719.png,rectangle
triangle_737.png,triangle
rectangle_65.png,rectangle
triangle_68.png,triangle
circle_691.png,circle
triangle_83.png,triangle
circle_849.png,circle
triangle_904.png,triangle
triangle_910.png,triangle
circle_685.png,circle
triangle_97.png,triangle
circle_875.png,circle
rectangle_902.png,rectangle
triangle_938.png,triangle
rectangle_916.png,rectangle
circle_861.png,circle
rectangle_527.png,rectangle
circle_336.png,circle
circle_450.png,circle
rectangle_241.png,rectangle
circle_444.png,circle
rectangle_255.png,rectangle
rectangle_533.png,rectangle
circle_322.png,circle
triangle_509.png,triangle
triangle_521.png,triangle
triangle_247.png,triangle
circle_478.png,circle
rectangle_269.png,rectangle
circle_98.png,circle
triangle_253.png,triangle
triangle_535.png,triangle
circle_73.png,circle
rectangle_282.png,rectangle
circle_493.png,circle
rectangle_296.png,rectangle
circle_487.png,circle
circle_67.png,circle
triangle_284.png,triangle
triangle_290.png,triangle
triangle_469.png,triangle
circle_242.png,circle
rectangle_453.png,rectangle
rectangle_335.png,rectangle
circle_524.png,circle
rectangle_321.png,rectangle
circle_530.png,circle
circle_256.png,circle
rectangle_447.png,rectangle
triangle_455.png,triangle
triangle_333.png,triangle
rectangle_309.png,rectangle
circle_518.png,circle
triangle_327.png,triangle
triangle_441.png,triangle
rectangle_490.png,rectangle
circle_281.png,circle
rectangle_484.png,rectangle
circle_295.png,circle
triangle_496.png,triangle
triangle_482.png,triangle
circle_726.png,circle
rectangle_137.png,rectangle
rectangle_651.png,rectangle
rectangle_889.png,rectangle
rectangle_645.png,rectangle
circle_732.png,circle
rectangle_123.png,rectangle
triangle_119.png,triangle
triangle_131.png,triangle
triangle_657.png,triangle
rectangle_679.png,rectangle
triangle_643.png,triangle
triangle_125.png,triangle
triangle_870.png,triangle
rectangle_692.png,rectangle
rectangle_686.png,rectangle
triangle_864.png,triangle
circle_929.png,circle
circle_901.png,circle
rectangle_876.png,rectangle
triangle_694.png,triangle
triangle_858.png,triangle
triangle_680.png,triangle
rectangle_862.png,rectangle
circle_915.png,circle
rectangle_863.png,rectangle
triangle_681.png,triangle
triangle_859.png,triangle
circle_914.png,circle
circle_900.png,circle
triangle_695.png,triangle
rectangle_877.png,rectangle
triangle_865.png,triangle
rectangle_687.png,rectangle
circle_928.png,circle
rectangle_693.png,rectangle
triangle_871.png,triangle
triangle_642.png,triangle
rectangle_678.png,rectangle
triangle_124.png,triangle
triangle_130.png,triangle
triangle_656.png,triangle
rectangle_644.png,rectangle
triangle_118.png,triangle
rectangle_122.png,rectangle
circle_733.png,circle
rectangle_136.png,rectangle
circle_727.png,circle
rectangle_888.png,rectangle
rectangle_650.png,rectangle
triangle_483.png,triangle
triangle_497.png,triangle
circle_294.png,circle
rectangle_485.png,rectangle
circle_280.png,circle
rectangle_491.png,rectangle
triangle_326.png,triangle
triangle_440.png,triangle
triangle_454.png,triangle
circle_519.png,circle
rectangle_308.png,rectangle
triangle_332.png,triangle
circle_531.png,circle
rectangle_320.png,rectangle
rectangle_446.png,rectangle
circle_257.png,circle
rectangle_452.png,rectangle
circle_243.png,circle
triangle_468.png,triangle
circle_525.png,circle
rectangle_334.png,rectangle
triangle_291.png,triangle
triangle_285.png,triangle
circle_66.png,circle
circle_486.png,circle
rectangle_297.png,rectangle
circle_492.png,circle
rectangle_283.png,rectangle
circle_72.png,circle
triangle_252.png,triangle
circle_99.png,circle
rectangle_268.png,rectangle
circle_479.png,circle
triangle_534.png,triangle
triangle_520.png,triangle
triangle_246.png,triangle
rectangle_254.png,rectangle
circle_445.png,circle
triangle_508.png,triangle
circle_323.png,circle
rectangle_532.png,rectangle
circle_337.png,circle
rectangle_526.png,rectangle
rectangle_240.png,rectangle
circle_451.png,circle
rectangle_917.png,rectangle
circle_860.png,circle
circle_874.png,circle
triangle_939.png,triangle
rectangle_903.png,rectangle
triangle_911.png,triangle
triangle_96.png,triangle
circle_684.png,circle
circle_848.png,circle
triangle_82.png,triangle
circle_690.png,circle
triangle_905.png,triangle
triangle_736.png,triangle
triangle_69.png,triangle
rectangle_64.png,rectangle
rectangle_70.png,rectangle
rectangle_718.png,rectangle
circle_109.png,circle
triangle_722.png,triangle
rectangle_730.png,rectangle
circle_121.png,circle
rectangle_58.png,rectangle
circle_647.png,circle
triangle_55.png,triangle
circle_653.png,circle
triangle_41.png,triangle
rectangle_724.png,rectangle
circle_135.png,circle
triangle_57.png,triangle
circle_645.png,circle
triangle_708.png,triangle
circle_123.png,circle
rectangle_732.png,rectangle
circle_137.png,circle
rectangle_726.png,rectangle
triangle_43.png,triangle
circle_889.png,circle
circle_651.png,circle
rectangle_66.png,rectangle
circle_679.png,circle
triangle_734.png,triangle
triangle_720.png,triangle
rectangle_72.png,rectangle
rectangle_99.png,rectangle
circle_686.png,circle
triangle_94.png,triangle
rectangle_929.png,rectangle
triangle_913.png,triangle
triangle_907.png,triangle
circle_692.png,circle
triangle_80.png,triangle
circle_862.png,circle
rectangle_915.png,rectangle
rectangle_901.png,rectangle
circle_876.png,circle
rectangle_530.png,rectangle
circle_321.png,circle
circle_447.png,circle
rectangle_256.png,rectangle
circle_453.png,circle
rectangle_242.png,rectangle
triangle_278.png,triangle
rectangle_524.png,rectangle
circle_335.png,circle
triangle_536.png,triangle
triangle_250.png,triangle
triangle_244.png,triangle
rectangle_518.png,rectangle
circle_309.png,circle
triangle_522.png,triangle
rectangle_295.png,rectangle
circle_484.png,circle
circle_64.png,circle
circle_70.png,circle
rectangle_281.png,rectangle
circle_490.png,circle
circle_58.png,circle
triangle_293.png,triangle
triangle_287.png,triangle
circle_255.png,circle
rectangle_444.png,rectangle
triangle_318.png,triangle
rectangle_322.png,rectangle
circle_533.png,circle
rectangle_336.png,rectangle
circle_527.png,circle
circle_241.png,circle
rectangle_450.png,rectangle
triangle_442.png,triangle
circle_269.png,circle
rectangle_478.png,rectangle
triangle_324.png,triangle
triangle_330.png,triangle
triangle_456.png,triangle
rectangle_487.png,rectangle
circle_296.png,circle
rectangle_493.png,rectangle
circle_282.png,circle
triangle_481.png,triangle
triangle_495.png,triangle
circle_731.png,circle
rectangle_120.png,rectangle
rectangle_646.png,rectangle
rectangle_652.png,rectangle
triangle_668.png,triangle
circle_725.png,circle
rectangle_134.png,rectangle
triangle_126.png,triangle
triangle_640.png,triangle
triangle_898.png,triangle
triangle_654.png,triangle
circle_719.png,circle
rectangle_108.png,rectangle
triangle_132.png,triangle
rectangle_685.png,rectangle
triangle_867.png,triangle
triangle_873.png,triangle
rectangle_849.png,rectangle
rectangle_691.png,rectangle
circle_916.png,circle
triangle_683.png,triangle
rectangle_861.png,rectangle
rectangle_875.png,rectangle
triangle_697.png,triangle
circle_902.png,circle
triangle_696.png,triangle
rectangle_874.png,rectangle
circle_903.png,circle
circle_917.png,circle
rectangle_860.png,rectangle
triangle_682.png,triangle
rectangle_690.png,rectangle
rectangle_848.png,rectangle
triangle_872.png,triangle
triangle_866.png,triangle
rectangle_684.png,rectangle
triangle_655.png,triangle
triangle_133.png,triangle
rectangle_109.png,rectangle
circle_718.png,circle
triangle_127.png,triangle
triangle_899.png,triangle
triangle_641.png,triangle
triangle_669.png,triangle
rectangle_653.png,rectangle
rectangle_135.png,rectangle
circle_724.png,circle
rectangle_121.png,rectangle
circle_730.png,circle
rectangle_647.png,rectangle
triangle_494.png,triangle
triangle_480.png,triangle
circle_283.png,circle
rectangle_492.png,rectangle
circle_297.png,circle
rectangle_486.png,rectangle
triangle_331.png,triangle
triangle_457.png,triangle
rectangle_479.png,rectangle
circle_268.png,circle
triangle_443.png,triangle
triangle_325.png,triangle
circle_526.png,circle
rectangle_337.png,rectangle
rectangle_451.png,rectangle
circle_240.png,circle
rectangle_445.png,rectangle
circle_254.png,circle
circle_532.png,circle
rectangle_323.png,rectangle
triangle_319.png,triangle
triangle_286.png,triangle
triangle_292.png,triangle
circle_59.png,circle
circle_491.png,circle
rectangle_280.png,rectangle
circle_71.png,circle
circle_65.png,circle
circle_485.png,circle
rectangle_294.png,rectangle
triangle_245.png,triangle
triangle_523.png,triangle
circle_308.png,circle
rectangle_519.png,rectangle
triangle_537.png,triangle
triangle_251.png,triangle
triangle_279.png,triangle
rectangle_243.png,rectangle
circle_452.png,circle
circle_334.png,circle
rectangle_525.png,rectangle
circle_320.png,circle
rectangle_531.png,rectangle
rectangle_257.png,rectangle
circle_446.png,circle
rectangle_900.png,rectangle
circle_877.png,circle
circle_863.png,circle
rectangle_914.png,rectangle
triangle_906.png,triangle
triangle_81.png,triangle
circle_693.png,circle
triangle_95.png,triangle
circle_687.png,circle
rectangle_98.png,rectangle
triangle_912.png,triangle
rectangle_928.png,rectangle
triangle_721.png,triangle
rectangle_73.png,rectangle
circle_678.png,circle
rectangle_67.png,rectangle
triangle_735.png,triangle
rectangle_727.png,rectangle
circle_136.png,circle
circle_650.png,circle
circle_888.png,circle
triangle_42.png,triangle
circle_644.png,circle
triangle_56.png,triangle
rectangle_733.png,rectangle
circle_122.png,circle
triangle_709.png,triangle
triangle_731.png,triangle
rectangle_63.png,rectangle
circle_668.png,circle
rectangle_77.png,rectangle
triangle_725.png,triangle
circle_126.png,circle
rectangle_737.png,rectangle
circle_898.png,circle
triangle_52.png,triangle
circle_640.png,circle
triangle_46.png,triangle
circle_654.png,circle
circle_132.png,circle
rectangle_723.png,rectangle
triangle_719.png,triangle
rectangle_910.png,rectangle
circle_867.png,circle
circle_873.png,circle
rectangle_904.png,rectangle
triangle_916.png,triangle
circle_683.png,circle
triangle_91.png,triangle
circle_697.png,circle
triangle_85.png,triangle
rectangle_88.png,rectangle
triangle_902.png,triangle
rectangle_938.png,rectangle
triangle_255.png,triangle
triangle_533.png,triangle
rectangle_509.png,rectangle
circle_318.png,circle
triangle_527.png,triangle
triangle_241.png,triangle
triangle_269.png,triangle
circle_442.png,circle
rectangle_253.png,rectangle
rectangle_535.png,rectangle
circle_324.png,circle
rectangle_521.png,rectangle
circle_330.png,circle
circle_456.png,circle
rectangle_247.png,rectangle
triangle_296.png,triangle
triangle_282.png,triangle
circle_49.png,circle
rectangle_290.png,rectangle
circle_481.png,circle
circle_61.png,circle
circle_75.png,circle
rectangle_284.png,rectangle
circle_495.png,circle
triangle_321.png,triangle
triangle_447.png,triangle
circle_278.png,circle
rectangle_469.png,rectangle
triangle_453.png,triangle
triangle_335.png,triangle
rectangle_327.png,rectangle
circle_536.png,circle
circle_250.png,circle
rectangle_441.png,rectangle
circle_244.png,circle
rectangle_455.png,rectangle
rectangle_333.png,rectangle
circle_522.png,circle
triangle_309.png,triangle
triangle_484.png,triangle
triangle_490.png,triangle
rectangle_482.png,rectangle
circle_293.png,circle
rectangle_496.png,rectangle
circle_287.png,circle
triangle_645.png,triangle
triangle_123.png,triangle
circle_708.png,circle
rectangle_119.png,rectangle
triangle_137.png,triangle
triangle_651.png,triangle
triangle_889.png,triangle
triangle_679.png,triangle
rectangle_643.png,rectangle
circle_734.png,circle
rectangle_125.png,rectangle
circle_720.png,circle
rectangle_131.png,rectangle
rectangle_657.png,rectangle
triangle_686.png,triangle
rectangle_864.png,rectangle
circle_913.png,circle
circle_907.png,circle
rectangle_870.png,rectangle
triangle_692.png,triangle
rectangle_858.png,rectangle
rectangle_680.png,rectangle
triangle_862.png,triangle
triangle_876.png,triangle
rectangle_694.png,rectangle
rectangle_695.png,rectangle
triangle_877.png,triangle
triangle_863.png,triangle
rectangle_681.png,rectangle
rectangle_859.png,rectangle
circle_906.png,circle
triangle_693.png,triangle
rectangle_871.png,rectangle
rectangle_865.png,rectangle
triangle_687.png,triangle
circle_912.png,circle
rectangle_130.png,rectangle
circle_721.png,circle
rectangle_656.png,rectangle
rectangle_642.png,rectangle
triangle_678.png,triangle
rectangle_124.png,rectangle
circle_735.png,circle
triangle_136.png,triangle
triangle_888.png,triangle
triangle_650.png,triangle
triangle_644.png,triangle
rectangle_118.png,rectangle
circle_709.png,circle
triangle_122.png,triangle
circle_286.png,circle
rectangle_497.png,rectangle
circle_292.png,circle
rectangle_483.png,rectangle
triangle_491.png,triangle
triangle_485.png,triangle
rectangle_454.png,rectangle
circle_245.png,circle
triangle_308.png,triangle
circle_523.png,circle
rectangle_332.png,rectangle
circle_537.png,circle
rectangle_326.png,rectangle
rectangle_440.png,rectangle
circle_251.png,circle
triangle_452.png,triangle
rectangle_468.png,rectangle
circle_279.png,circle
triangle_334.png,triangle
triangle_320.png,triangle
triangle_446.png,triangle
circle_494.png,circle
rectangle_285.png,rectangle
circle_74.png,circle
circle_60.png,circle
circle_480.png,circle
rectangle_291.png,rectangle
circle_48.png,circle
triangle_283.png,triangle
triangle_297.png,triangle
circle_331.png,circle
rectangle_520.png,rectangle
rectangle_246.png,rectangle
circle_457.png,circle
rectangle_252.png,rectangle
circle_443.png,circle
triangle_268.png,triangle
circle_325.png,circle
rectangle_534.png,rectangle
triangle_526.png,triangle
triangle_240.png,triangle
triangle_254.png,triangle
circle_319.png,circle
rectangle_508.png,rectangle
triangle_532.png,triangle
rectangle_89.png,rectangle
triangle_84.png,triangle
circle_696.png,circle
rectangle_939.png,rectangle
triangle_903.png,triangle
triangle_917.png,triangle
triangle_90.png,triangle
circle_682.png,circle
circle_872.png,circle
rectangle_905.png,rectangle
rectangle_911.png,rectangle
circle_866.png,circle
circle_655.png,circle
triangle_47.png,triangle
triangle_718.png,triangle
rectangle_722.png,rectangle
circle_133.png,circle
rectangle_736.png,rectangle
circle_127.png,circle
circle_641.png,circle
triangle_53.png,triangle
circle_899.png,circle
rectangle_76.png,rectangle
circle_669.png,circle
triangle_724.png,triangle
triangle_730.png,triangle
rectangle_62.png,rectangle
triangle_726.png,triangle
triangle_79.png,triangle
rectangle_74.png,rectangle
rectangle_60.png,rectangle
circle_119.png,circle
rectangle_708.png,rectangle
triangle_732.png,triangle
circle_131.png,circle
rectangle_720.png,rectangle
rectangle_48.png,rectangle
triangle_45.png,triangle
circle_657.png,circle
triangle_51.png,triangle
circle_643.png,circle
circle_125.png,circle
rectangle_734.png,rectangle
rectangle_907.png,rectangle
circle_870.png,circle
circle_864.png,circle
triangle_929.png,triangle
rectangle_913.png,rectangle
triangle_901.png,triangle
circle_694.png,circle
triangle_86.png,triangle
circle_680.png,circle
circle_858.png,circle
triangle_92.png,triangle
triangle_915.png,triangle
triangle_242.png,triangle
circle_89.png,circle
circle_469.png,circle
rectangle_278.png,rectangle
triangle_524.png,triangle
triangle_530.png,triangle
triangle_256.png,triangle
circle_455.png,circle
rectangle_244.png,rectangle
triangle_518.png,triangle
rectangle_522.png,rectangle
circle_333.png,circle
rectangle_536.png,rectangle
circle_327.png,circle
circle_441.png,circle
rectangle_250.png,rectangle
triangle_281.png,triangle
triangle_295.png,triangle
circle_76.png,circle
rectangle_287.png,rectangle
circle_496.png,circle
rectangle_293.png,rectangle
circle_482.png,circle
circle_62.png,circle
triangle_336.png,triangle
triangle_450.png,triangle
triangle_444.png,triangle
rectangle_318.png,rectangle
circle_509.png,circle
triangle_322.png,triangle
rectangle_330.png,rectangle
circle_521.png,circle
circle_247.png,circle
rectangle_456.png,rectangle
circle_253.png,circle
rectangle_442.png,rectangle
triangle_478.png,triangle
rectangle_324.png,rectangle
circle_535.png,circle
triangle_493.png,triangle
triangle_487.png,triangle
rectangle_495.png,rectangle
circle_284.png,circle
rectangle_481.png,rectangle
circle_290.png,circle
triangle_652.png,triangle
rectangle_668.png,rectangle
triangle_134.png,triangle
triangle_120.png,triangle
triangle_646.png,triangle
rectangle_654.png,rectangle
triangle_108.png,triangle
circle_723.png,circle
rectangle_132.png,rectangle
circle_737.png,circle
rectangle_126.png,rectangle
rectangle_640.png,rectangle
rectangle_898.png,rectangle
rectangle_873.png,rectangle
triangle_849.png,triangle
triangle_691.png,triangle
circle_904.png,circle
circle_910.png,circle
triangle_685.png,triangle
rectangle_867.png,rectangle
triangle_875.png,triangle
rectangle_697.png,rectangle
circle_938.png,circle
rectangle_683.png,rectangle
triangle_861.png,triangle
triangle_860.png,triangle
rectangle_682.png,rectangle
rectangle_696.png,rectangle
triangle_874.png,triangle
circle_939.png,circle
circle_911.png,circle
rectangle_866.png,rectangle
triangle_684.png,triangle
triangle_690.png,triangle
triangle_848.png,triangle
rectangle_872.png,rectangle
circle_905.png,circle
rectangle_127.png,rectangle
circle_736.png,circle
rectangle_899.png,rectangle
rectangle_641.png,rectangle
rectangle_655.png,rectangle
rectangle_133.png,rectangle
circle_722.png,circle
triangle_109.png,triangle
triangle_121.png,triangle
triangle_647.png,triangle
rectangle_669.png,rectangle
triangle_653.png,triangle
triangle_135.png,triangle
circle_291.png,circle
rectangle_480.png,rectangle
circle_285.png,circle
rectangle_494.png,rectangle
triangle_486.png,triangle
triangle_492.png,triangle
triangle_479.png,triangle
rectangle_443.png,rectangle
circle_252.png,circle
circle_534.png,circle
rectangle_325.png,rectangle
circle_520.png,circle
rectangle_331.png,rectangle
rectangle_457.png,rectangle
circle_246.png,circle
triangle_445.png,triangle
triangle_323.png,triangle
circle_508.png,circle
rectangle_319.png,rectangle
triangle_337.png,triangle
triangle_451.png,triangle
circle_63.png,circle
circle_483.png,circle
rectangle_292.png,rectangle
circle_497.png,circle
rectangle_286.png,rectangle
circle_77.png,circle
triangle_294.png,triangle
triangle_280.png,triangle
circle_326.png,circle
rectangle_537.png,rectangle
rectangle_251.png,rectangle
circle_440.png,circle
rectangle_245.png,rectangle
circle_454.png,circle
circle_332.png,circle
rectangle_523.png,rectangle
triangle_519.png,triangle
triangle_531.png,triangle
triangle_257.png,triangle
rectangle_279.png,rectangle
circle_468.png,circle
circle_88.png,circle
triangle_243.png,triangle
triangle_525.png,triangle
triangle_93.png,triangle
circle_859.png,circle
circle_681.png,circle
triangle_914.png,triangle
triangle_900.png,triangle
triangle_87.png,triangle
circle_695.png,circle
circle_865.png,circle
rectangle_912.png,rectangle
triangle_928.png,triangle
rectangle_906.png,rectangle
circle_871.png,circle
circle_642.png,circle
triangle_50.png,triangle
rectangle_735.png,rectangle
circle_124.png,circle
rectangle_721.png,rectangle
circle_130.png,circle
circle_656.png,circle
triangle_44.png,triangle
rectangle_49.png,rectangle
rectangle_61.png,rectangle
triangle_733.png,triangle
rectangle_709.png,rectangle
circle_118.png,circle
triangle_727.png,triangle
rectangle_75.png,rectangle
triangle_78.png,triangle
triangle_61.png,triangle
circle_673.png,circle
circle_115.png,circle
rectangle_704.png,rectangle
circle_101.png,circle
rectangle_710.png,rectangle
rectangle_78.png,rectangle
triangle_75.png,triangle
circle_667.png,circle
rectangle_50.png,rectangle
circle_897.png,circle
circle_129.png,circle
rectangle_738.png,rectangle
triangle_702.png,triangle
triangle_716.png,triangle
triangle_49.png,triangle
circle_883.png,circle
rectangle_44.png,rectangle
circle_868.png,circle
triangle_925.png,triangle
triangle_931.png,triangle
circle_854.png,circle
rectangle_93.png,rectangle
triangle_919.png,triangle
rectangle_923.png,rectangle
rectangle_937.png,rectangle
rectangle_87.png,rectangle
circle_698.png,circle
circle_840.png,circle
rectangle_506.png,rectangle
circle_317.png,circle
circle_91.png,circle
circle_471.png,circle
rectangle_260.png,rectangle
circle_465.png,circle
rectangle_274.png,rectangle
circle_85.png,circle
triangle_528.png,triangle
rectangle_512.png,rectangle
circle_303.png,circle
triangle_500.png,triangle
triangle_266.png,triangle
triangle_272.png,triangle
circle_459.png,circle
rectangle_248.png,rectangle
triangle_514.png,triangle
circle_52.png,circle
triangle_299.png,triangle
circle_46.png,circle
circle_263.png,circle
rectangle_472.png,rectangle
triangle_448.png,triangle
rectangle_314.png,rectangle
circle_505.png,circle
rectangle_300.png,rectangle
circle_511.png,circle
circle_277.png,circle
rectangle_466.png,rectangle
triangle_474.png,triangle
rectangle_328.png,rectangle
circle_539.png,circle
triangle_312.png,triangle
triangle_306.png,triangle
triangle_460.png,triangle
rectangle_499.png,rectangle
circle_288.png,circle
circle_707.png,circle
rectangle_116.png,rectangle
triangle_892.png,triangle
rectangle_670.png,rectangle
rectangle_664.png,rectangle
triangle_886.png,triangle
triangle_138.png,triangle
circle_713.png,circle
rectangle_102.png,rectangle
triangle_110.png,triangle
rectangle_894.png,rectangle
triangle_676.png,triangle
triangle_662.png,triangle
rectangle_658.png,rectangle
rectangle_880.png,rectangle
triangle_104.png,triangle
triangle_851.png,triangle
triangle_689.png,triangle
triangle_845.png,triangle
circle_908.png,circle
circle_920.png,circle
rectangle_857.png,rectangle
rectangle_843.png,rectangle
triangle_879.png,triangle
circle_934.png,circle
triangle_878.png,triangle
rectangle_842.png,rectangle
circle_935.png,circle
circle_921.png,circle
rectangle_856.png,rectangle
triangle_844.png,triangle
circle_909.png,circle
triangle_688.png,triangle
triangle_850.png,triangle
rectangle_881.png,rectangle
rectangle_659.png,rectangle
triangle_663.png,triangle
triangle_105.png,triangle
triangle_111.png,triangle
triangle_677.png,triangle
rectangle_895.png,rectangle
triangle_887.png,triangle
rectangle_665.png,rectangle
rectangle_103.png,rectangle
circle_712.png,circle
triangle_139.png,triangle
rectangle_117.png,rectangle
circle_706.png,circle
rectangle_671.png,rectangle
triangle_893.png,triangle
circle_289.png,circle
rectangle_498.png,rectangle
triangle_307.png,triangle
triangle_461.png,triangle
triangle_475.png,triangle
triangle_313.png,triangle
circle_538.png,circle
rectangle_329.png,rectangle
circle_510.png,circle
rectangle_301.png,rectangle
rectangle_467.png,rectangle
circle_276.png,circle
triangle_449.png,triangle
rectangle_473.png,rectangle
circle_262.png,circle
circle_504.png,circle
rectangle_315.png,rectangle
circle_47.png,circle
triangle_298.png,triangle
circle_53.png,circle
rectangle_249.png,rectangle
circle_458.png,circle
triangle_273.png,triangle
triangle_515.png,triangle
triangle_501.png,triangle
triangle_267.png,triangle
circle_84.png,circle
rectangle_275.png,rectangle
circle_464.png,circle
circle_302.png,circle
rectangle_513.png,rectangle
triangle_529.png,triangle
circle_316.png,circle
rectangle_507.png,rectangle
rectangle_261.png,rectangle
circle_470.png,circle
circle_90.png,circle
rectangle_936.png,rectangle
circle_841.png,circle
circle_699.png,circle
rectangle_86.png,rectangle
rectangle_92.png,rectangle
circle_855.png,circle
rectangle_922.png,rectangle
triangle_918.png,triangle
triangle_930.png,triangle
circle_869.png,circle
triangle_924.png,triangle
triangle_717.png,triangle
rectangle_45.png,rectangle
circle_882.png,circle
triangle_48.png,triangle
circle_896.png,circle
rectangle_51.png,rectangle
triangle_703.png,triangle
rectangle_739.png,rectangle
circle_128.png,circle
rectangle_711.png,rectangle
circle_100.png,circle
circle_666.png,circle
triangle_74.png,triangle
rectangle_79.png,rectangle
circle_672.png,circle
triangle_60.png,triangle
rectangle_705.png,rectangle
circle_114.png,circle
triangle_76.png,triangle
circle_664.png,circle
circle_102.png,circle
rectangle_713.png,rectangle
triangle_729.png,triangle
circle_116.png,circle
rectangle_707.png,rectangle
triangle_62.png,triangle
circle_670.png,circle
circle_880.png,circle
circle_658.png,circle
rectangle_47.png,rectangle
triangle_715.png,triangle
triangle_701.png,triangle
rectangle_53.png,rectangle
circle_894.png,circle
triangle_932.png,triangle
rectangle_908.png,rectangle
triangle_926.png,triangle
rectangle_84.png,rectangle
triangle_89.png,triangle
circle_843.png,circle
rectangle_934.png,rectangle
rectangle_920.png,rectangle
circle_857.png,circle
rectangle_90.png,rectangle
rectangle_511.png,rectangle
circle_300.png,circle
circle_466.png,circle
rectangle_277.png,rectangle
circle_86.png,circle
circle_92.png,circle
triangle_259.png,triangle
circle_472.png,circle
rectangle_263.png,rectangle
rectangle_505.png,rectangle
circle_314.png,circle
triangle_517.png,triangle
triangle_271.png,triangle
triangle_265.png,triangle
triangle_503.png,triangle
rectangle_539.png,rectangle
circle_328.png,circle
circle_45.png,circle
circle_51.png,circle
rectangle_288.png,rectangle
circle_499.png,circle
circle_79.png,circle
circle_274.png,circle
rectangle_465.png,rectangle
rectangle_303.png,rectangle
circle_512.png,circle
triangle_339.png,triangle
rectangle_317.png,rectangle
circle_506.png,circle
circle_260.png,circle
rectangle_471.png,rectangle
circle_248.png,circle
rectangle_459.png,rectangle
triangle_463.png,triangle
triangle_305.png,triangle
triangle_311.png,triangle
triangle_477.png,triangle
triangle_488.png,triangle
circle_710.png,circle
rectangle_101.png,rectangle
rectangle_667.png,rectangle
triangle_885.png,triangle
triangle_649.png,triangle
triangle_891.png,triangle
rectangle_673.png,rectangle
circle_704.png,circle
rectangle_115.png,rectangle
triangle_107.png,triangle
triangle_661.png,triangle
rectangle_883.png,rectangle
rectangle_897.png,rectangle
triangle_675.png,triangle
triangle_113.png,triangle
circle_738.png,circle
rectangle_129.png,rectangle
triangle_846.png,triangle
rectangle_868.png,rectangle
triangle_852.png,triangle
circle_937.png,circle
rectangle_840.png,rectangle
rectangle_698.png,rectangle
rectangle_854.png,rectangle
circle_923.png,circle
rectangle_855.png,rectangle
circle_922.png,circle
circle_936.png,circle
rectangle_699.png,rectangle
rectangle_841.png,rectangle
triangle_853.png,triangle
rectangle_869.png,rectangle
triangle_847.png,triangle
triangle_674.png,triangle
rectangle_896.png,rectangle
rectangle_128.png,rectangle
circle_739.png,circle
triangle_112.png,triangle
triangle_106.png,triangle
rectangle_882.png,rectangle
triangle_660.png,triangle
rectangle_672.png,rectangle
triangle_890.png,triangle
triangle_648.png,triangle
rectangle_114.png,rectangle
circle_705.png,circle
rectangle_100.png,rectangle
circle_711.png,circle
triangle_884.png,triangle
rectangle_666.png,rectangle
triangle_489.png,triangle
triangle_310.png,triangle
triangle_476.png,triangle
triangle_462.png,triangle
rectangle_458.png,rectangle
circle_249.png,circle
triangle_304.png,triangle
circle_507.png,circle
rectangle_316.png,rectangle
rectangle_470.png,rectangle
circle_261.png,circle
rectangle_464.png,rectangle
circle_275.png,circle
triangle_338.png,triangle
circle_513.png,circle
rectangle_302.png,rectangle
circle_78.png,circle
circle_498.png,circle
rectangle_289.png,rectangle
circle_50.png,circle
circle_44.png,circle
triangle_264.png,triangle
circle_329.png,circle
rectangle_538.png,rectangle
triangle_502.png,triangle
triangle_516.png,triangle
triangle_270.png,triangle
rectangle_262.png,rectangle
circle_473.png,circle
triangle_258.png,triangle
circle_93.png,circle
circle_315.png,circle
rectangle_504.png,rectangle
circle_301.png,circle
rectangle_510.png,rectangle
circle_87.png,circle
rectangle_276.png,rectangle
circle_467.png,circle
rectangle_921.png,rectangle
rectangle_91.png,rectangle
circle_856.png,circle
circle_842.png,circle
triangle_88.png,triangle
rectangle_85.png,rectangle
rectangle_935.png,rectangle
triangle_927.png,triangle
rectangle_909.png,rectangle
triangle_933.png,triangle
triangle_700.png,triangle
circle_895.png,circle
rectangle_52.png,rectangle
rectangle_46.png,rectangle
circle_659.png,circle
circle_881.png,circle
triangle_714.png,triangle
rectangle_706.png,rectangle
circle_117.png,circle
circle_671.png,circle
triangle_63.png,triangle
circle_665.png,circle
triangle_77.png,triangle
triangle_728.png,triangle
rectangle_712.png,rectangle
circle_103.png,circle
triangle_710.png,triangle
circle_885.png,circle
rectangle_42.png,rectangle
rectangle_56.png,rectangle
circle_891.png,circle
circle_649.png,circle
triangle_704.png,triangle
circle_107.png,circle
rectangle_716.png,rectangle
triangle_73.png,triangle
circle_661.png,circle
triangle_67.png,triangle
circle_675.png,circle
triangle_738.png,triangle
circle_113.png,circle
rectangle_702.png,rectangle
rectangle_931.png,rectangle
rectangle_81.png,rectangle
circle_846.png,circle
circle_852.png,circle
triangle_98.png,triangle
rectangle_95.png,rectangle
rectangle_925.png,rectangle
triangle_937.png,triangle
rectangle_919.png,rectangle
triangle_923.png,triangle
triangle_274.png,triangle
rectangle_528.png,rectangle
circle_339.png,circle
triangle_512.png,triangle
triangle_506.png,triangle
triangle_260.png,triangle
circle_463.png,circle
rectangle_272.png,rectangle
triangle_248.png,triangle
circle_83.png,circle
rectangle_514.png,rectangle
circle_305.png,circle
rectangle_500.png,rectangle
circle_311.png,circle
circle_97.png,circle
circle_477.png,circle
rectangle_266.png,rectangle
circle_68.png,circle
rectangle_299.png,rectangle
circle_488.png,circle
circle_40.png,circle
circle_54.png,circle
triangle_300.png,triangle
triangle_466.png,triangle
triangle_472.png,triangle
circle_259.png,circle
rectangle_448.png,rectangle
triangle_314.png,triangle
rectangle_306.png,rectangle
circle_517.png,circle
circle_271.png,circle
rectangle_460.png,rectangle
circle_265.png,circle
rectangle_474.png,rectangle
triangle_328.png,triangle
rectangle_312.png,rectangle
circle_503.png,circle
triangle_499.png,triangle
triangle_664.png,triangle
rectangle_886.png,rectangle
circle_729.png,circle
rectangle_138.png,rectangle
triangle_102.png,triangle
triangle_116.png,triangle
rectangle_892.png,rectangle
triangle_670.png,triangle
rectangle_662.png,rectangle
triangle_658.png,triangle
triangle_880.png,triangle
circle_715.png,circle
rectangle_104.png,rectangle
circle_701.png,circle
rectangle_110.png,rectangle
triangle_894.png,triangle
rectangle_676.png,rectangle
rectangle_845.png,rectangle
circle_932.png,circle
circle_926.png,circle
rectangle_851.png,rectangle
rectangle_689.png,rectangle
triangle_843.png,triangle
rectangle_879.png,rectangle
triangle_857.png,triangle
triangle_856.png,triangle
rectangle_878.png,rectangle
triangle_842.png,triangle
circle_927.png,circle
rectangle_688.png,rectangle
rectangle_850.png,rectangle
rectangle_844.png,rectangle
circle_933.png,circle
rectangle_111.png,rectangle
circle_700.png,circle
rectangle_677.png,rectangle
triangle_895.png,triangle
triangle_881.png,triangle
triangle_659.png,triangle
rectangle_663.png,rectangle
rectangle_105.png,rectangle
circle_714.png,circle
triangle_117.png,triangle
triangle_671.png,triangle
rectangle_893.png,rectangle
rectangle_887.png,rectangle
triangle_665.png,triangle
triangle_103.png,triangle
rectangle_139.png,rectangle
circle_728.png,circle
triangle_498.png,triangle
rectangle_475.png,rectangle
circle_264.png,circle
circle_502.png,circle
rectangle_313.png,rectangle
triangle_329.png,triangle
circle_516.png,circle
rectangle_307.png,rectangle
rectangle_461.png,rectangle
circle_270.png,circle
rectangle_449.png,rectangle
circle_258.png,circle
triangle_473.png,triangle
triangle_315.png,triangle
triangle_301.png,triangle
triangle_467.png,triangle
circle_55.png,circle
circle_41.png,circle
circle_489.png,circle
rectangle_298.png,rectangle
circle_69.png,circle
circle_310.png,circle
rectangle_501.png,rectangle
rectangle_267.png,rectangle
circle_476.png,circle
circle_96.png,circle
circle_82.png,circle
triangle_249.png,triangle
rectangle_273.png,rectangle
circle_462.png,circle
circle_304.png,circle
rectangle_515.png,rectangle
triangle_507.png,triangle
triangle_261.png,triangle
triangle_275.png,triangle
triangle_513.png,triangle
circle_338.png,circle
rectangle_529.png,rectangle
triangle_922.png,triangle
rectangle_918.png,rectangle
triangle_936.png,triangle
rectangle_94.png,rectangle
triangle_99.png,triangle
circle_853.png,circle
rectangle_924.png,rectangle
rectangle_930.png,rectangle
circle_847.png,circle
rectangle_80.png,rectangle
circle_674.png,circle
triangle_66.png,triangle
rectangle_703.png,rectangle
circle_112.png,circle
triangle_739.png,triangle
rectangle_717.png,rectangle
circle_106.png,circle
circle_660.png,circle
triangle_72.png,triangle
circle_648.png,circle
circle_890.png,circle
rectangle_57.png,rectangle
triangle_705.png,triangle
triangle_711.png,triangle
rectangle_43.png,rectangle
circle_884.png,circle
triangle_707.png,triangle
rectangle_55.png,rectangle
circle_892.png,circle
triangle_58.png,triangle
circle_886.png,circle
rectangle_41.png,rectangle
triangle_713.png,triangle
circle_138.png,circle
rectangle_729.png,rectangle
circle_110.png,circle
rectangle_701.png,rectangle
triangle_64.png,triangle
circle_676.png,circle
rectangle_69.png,rectangle
triangle_70.png,triangle
circle_662.png,circle
circle_104.png,circle
rectangle_715.png,rectangle
rectangle_926.png,rectangle
circle_689.png,circle
circle_851.png,circle
rectangle_96.png,rectangle
rectangle_82.png,rectangle
circle_845.png,circle
rectangle_932.png,rectangle
triangle_908.png,triangle
triangle_920.png,triangle
circle_879.png,circle
triangle_934.png,triangle
circle_448.png,circle
rectangle_259.png,rectangle
triangle_263.png,triangle
triangle_505.png,triangle
triangle_511.png,triangle
triangle_277.png,triangle
circle_94.png,circle
circle_474.png,circle
rectangle_265.png,rectangle
rectangle_503.png,rectangle
circle_312.png,circle
triangle_539.png,triangle
rectangle_517.png,rectangle
circle_306.png,circle
circle_460.png,circle
rectangle_271.png,rectangle
circle_80.png,circle
circle_57.png,circle
triangle_288.png,triangle
circle_43.png,circle
triangle_317.png,triangle
triangle_471.png,triangle
triangle_465.png,triangle
triangle_303.png,triangle
rectangle_339.png,rectangle
circle_528.png,circle
rectangle_311.png,rectangle
circle_500.png,circle
circle_266.png,circle
rectangle_477.png,rectangle
triangle_459.png,triangle
circle_272.png,circle
rectangle_463.png,rectangle
rectangle_305.png,rectangle
circle_514.png,circle
rectangle_488.png,rectangle
circle_299.png,circle
rectangle_649.png,rectangle
rectangle_891.png,rectangle
triangle_673.png,triangle
triangle_115.png,triangle
triangle_101.png,triangle
triangle_667.png,triangle
rectangle_885.png,rectangle
triangle_897.png,triangle
rectangle_675.png,rectangle
circle_702.png,circle
rectangle_113.png,rectangle
triangle_129.png,triangle
circle_716.png,circle
rectangle_107.png,rectangle
rectangle_661.png,rectangle
triangle_883.png,triangle
triangle_868.png,triangle
rectangle_852.png,rectangle
circle_925.png,circle
circle_931.png,circle
rectangle_846.png,rectangle
triangle_854.png,triangle
circle_919.png,circle
triangle_840.png,triangle
triangle_698.png,triangle
triangle_699.png,triangle
triangle_841.png,triangle
triangle_855.png,triangle
circle_918.png,circle
circle_930.png,circle
rectangle_847.png,rectangle
rectangle_853.png,rectangle
triangle_869.png,triangle
circle_924.png,circle
rectangle_106.png,rectangle
circle_717.png,circle
triangle_882.png,triangle
rectangle_660.png,rectangle
rectangle_674.png,rectangle
triangle_896.png,triangle
triangle_128.png,triangle
rectangle_112.png,rectangle
circle_703.png,circle
triangle_100.png,triangle
rectangle_884.png,rectangle
triangle_666.png,triangle
triangle_672.png,triangle
rectangle_890.png,rectangle
rectangle_648.png,rectangle
triangle_114.png,triangle
circle_298.png,circle
rectangle_489.png,rectangle
rectangle_462.png,rectangle
circle_273.png,circle
triangle_458.png,triangle
circle_515.png,circle
rectangle_304.png,rectangle
circle_501.png,circle
rectangle_310.png,rectangle
rectangle_476.png,rectangle
circle_267.png,circle
triangle_464.png,triangle
circle_529.png,circle
rectangle_338.png,rectangle
triangle_302.png,triangle
triangle_316.png,triangle
triangle_470.png,triangle
circle_42.png,circle
triangle_289.png,triangle
circle_56.png,circle
circle_307.png,circle
rectangle_516.png,rectangle
circle_81.png,circle
rectangle_270.png,rectangle
circle_461.png,circle
rectangle_264.png,rectangle
circle_475.png,circle
circle_95.png,circle
triangle_538.png,triangle
circle_313.png,circle
rectangle_502.png,rectangle
triangle_510.png,triangle
triangle_276.png,triangle
triangle_262.png,triangle
rectangle_258.png,rectangle
circle_449.png,circle
triangle_504.png,triangle
circle_878.png,circle
triangle_935.png,triangle
triangle_921.png,triangle
circle_844.png,circle
rectangle_83.png,rectangle
triangle_909.png,triangle
rectangle_933.png,rectangle
rectangle_927.png,rectangle
rectangle_97.png,rectangle
circle_850.png,circle
circle_688.png,circle
circle_663.png,circle
triangle_71.png,triangle
rectangle_714.png,rectangle
circle_105.png,circle
rectangle_700.png,rectangle
circle_111.png,circle
rectangle_68.png,rectangle
circle_677.png,circle
triangle_65.png,triangle
rectangle_40.png,rectangle
circle_887.png,circle
rectangle_728.png,rectangle
circle_139.png,circle
triangle_712.png,triangle
triangle_706.png,triangle
triangle_59.png,triangle
circle_893.png,circle
rectangle_54.png,rectangle
circle_176.png,circle
rectangle_9.png,rectangle
rectangle_767.png,rectangle
triangle_985.png,triangle
circle_610.png,circle
triangle_16.png,triangle
circle_604.png,circle
triangle_991.png,triangle
triangle_749.png,triangle
circle_162.png,circle
rectangle_773.png,rectangle
triangle_761.png,triangle
rectangle_983.png,rectangle
rectangle_33.png,rectangle
rectangle_27.png,rectangle
circle_638.png,circle
rectangle_997.png,rectangle
triangle_775.png,triangle
triangle_946.png,triangle
rectangle_968.png,rectangle
triangle_952.png,triangle
rectangle_798.png,rectangle
circle_189.png,circle
rectangle_940.png,rectangle
circle_837.png,circle
circle_823.png,circle
rectangle_954.png,rectangle
circle_412.png,circle
rectangle_203.png,rectangle
triangle_239.png,triangle
rectangle_565.png,rectangle
circle_374.png,circle
rectangle_571.png,rectangle
circle_360.png,circle
circle_406.png,circle
rectangle_217.png,rectangle
triangle_205.png,triangle
rectangle_559.png,rectangle
circle_348.png,circle
triangle_563.png,triangle
triangle_577.png,triangle
triangle_211.png,triangle
circle_31.png,circle
triangle_588.png,triangle
circle_25.png,circle
triangle_9.png,triangle
circle_19.png,circle
rectangle_377.png,rectangle
circle_566.png,circle
circle_200.png,circle
rectangle_411.png,rectangle
circle_214.png,circle
rectangle_405.png,rectangle
triangle_359.png,triangle
rectangle_363.png,rectangle
circle_572.png,circle
triangle_371.png,triangle
triangle_417.png,triangle
triangle_403.png,triangle
circle_228.png,circle
rectangle_439.png,rectangle
triangle_365.png,triangle
circle_599.png,circle
rectangle_388.png,rectangle
rectangle_613.png,rectangle
triangle_629.png,triangle
circle_764.png,circle
rectangle_175.png,rectangle
circle_770.png,circle
rectangle_161.png,rectangle
rectangle_607.png,rectangle
triangle_615.png,triangle
circle_758.png,circle
circle_980.png,circle
rectangle_149.png,rectangle
triangle_173.png,triangle
triangle_167.png,triangle
circle_994.png,circle
triangle_601.png,triangle
triangle_832.png,triangle
rectangle_808.png,rectangle
triangle_198.png,triangle
triangle_826.png,triangle
rectangle_834.png,rectangle
circle_943.png,circle
circle_957.png,circle
rectangle_820.png,rectangle
circle_956.png,circle
rectangle_821.png,rectangle
rectangle_835.png,rectangle
circle_942.png,circle
triangle_199.png,triangle
triangle_827.png,triangle
rectangle_809.png,rectangle
triangle_833.png,triangle
circle_995.png,circle
triangle_166.png,triangle
triangle_600.png,triangle
triangle_614.png,triangle
triangle_172.png,triangle
rectangle_148.png,rectangle
circle_981.png,circle
circle_759.png,circle
rectangle_160.png,rectangle
circle_771.png,circle
rectangle_606.png,rectangle
triangle_628.png,triangle
rectangle_612.png,rectangle
rectangle_174.png,rectangle
circle_765.png,circle
rectangle_389.png,rectangle
circle_598.png,circle
rectangle_438.png,rectangle
circle_229.png,circle
triangle_402.png,triangle
triangle_364.png,triangle
triangle_370.png,triangle
triangle_416.png,triangle
rectangle_404.png,rectangle
circle_215.png,circle
circle_573.png,circle
rectangle_362.png,rectangle
triangle_358.png,triangle
circle_567.png,circle
rectangle_376.png,rectangle
rectangle_410.png,rectangle
circle_201.png,circle
circle_18.png,circle
triangle_8.png,triangle
triangle_589.png,triangle
circle_24.png,circle
circle_30.png,circle
triangle_576.png,triangle
triangle_210.png,triangle
triangle_204.png,triangle
triangle_562.png,triangle
circle_349.png,circle
rectangle_558.png,rectangle
circle_361.png,circle
rectangle_570.png,rectangle
rectangle_216.png,rectangle
circle_407.png,circle
triangle_238.png,triangle
rectangle_202.png,rectangle
circle_413.png,circle
circle_375.png,circle
rectangle_564.png,rectangle
circle_822.png,circle
rectangle_955.png,rectangle
rectangle_941.png,rectangle
circle_188.png,circle
rectangle_799.png,rectangle
circle_836.png,circle
triangle_953.png,triangle
rectangle_969.png,rectangle
triangle_947.png,triangle
circle_639.png,circle
rectangle_26.png,rectangle
triangle_774.png,triangle
rectangle_996.png,rectangle
rectangle_982.png,rectangle
triangle_760.png,triangle
rectangle_32.png,rectangle
circle_605.png,circle
triangle_17.png,triangle
rectangle_772.png,rectangle
circle_163.png,circle
triangle_748.png,triangle
triangle_990.png,triangle
triangle_984.png,triangle
rectangle_766.png,rectangle
rectangle_8.png,rectangle
circle_177.png,circle
circle_611.png,circle
triangle_992.png,triangle
circle_161.png,circle
rectangle_770.png,rectangle
triangle_15.png,triangle
circle_607.png,circle
rectangle_18.png,rectangle
circle_613.png,circle
circle_175.png,circle
rectangle_764.png,rectangle
triangle_986.png,triangle
rectangle_994.png,rectangle
triangle_776.png,triangle
rectangle_24.png,rectangle
triangle_29.png,triangle
rectangle_30.png,rectangle
triangle_762.png,triangle
circle_149.png,circle
rectangle_980.png,rectangle
rectangle_758.png,rectangle
triangle_789.png,triangle
triangle_951.png,triangle
circle_808.png,circle
triangle_945.png,triangle
rectangle_957.png,rectangle
circle_820.png,circle
circle_834.png,circle
rectangle_943.png,rectangle
triangle_979.png,triangle
circle_405.png,circle
rectangle_214.png,rectangle
rectangle_572.png,rectangle
circle_363.png,circle
triangle_548.png,triangle
rectangle_566.png,rectangle
circle_377.png,circle
circle_411.png,circle
rectangle_200.png,rectangle
circle_439.png,circle
rectangle_228.png,rectangle
triangle_212.png,triangle
triangle_574.png,triangle
triangle_560.png,triangle
triangle_206.png,triangle
circle_26.png,circle
circle_32.png,circle
circle_388.png,circle
rectangle_599.png,rectangle
rectangle_360.png,rectangle
circle_571.png,circle
circle_217.png,circle
rectangle_406.png,rectangle
triangle_428.png,triangle
circle_203.png,circle
rectangle_412.png,rectangle
rectangle_374.png,rectangle
circle_565.png,circle
triangle_366.png,triangle
triangle_400.png,triangle
triangle_414.png,triangle
triangle_372.png,triangle
rectangle_348.png,rectangle
circle_559.png,circle
triangle_399.png,triangle
rectangle_604.png,rectangle
circle_773.png,circle
rectangle_162.png,rectangle
triangle_158.png,triangle
circle_767.png,circle
rectangle_176.png,rectangle
rectangle_610.png,rectangle
rectangle_638.png,rectangle
triangle_602.png,triangle
triangle_164.png,triangle
circle_997.png,circle
circle_983.png,circle
triangle_170.png,triangle
triangle_616.png,triangle
triangle_825.png,triangle
circle_968.png,circle
triangle_831.png,triangle
triangle_819.png,triangle
rectangle_823.png,rectangle
circle_954.png,circle
circle_940.png,circle
rectangle_189.png,rectangle
circle_798.png,circle
rectangle_837.png,rectangle
circle_799.png,circle
rectangle_188.png,rectangle
circle_941.png,circle
rectangle_836.png,rectangle
rectangle_822.png,rectangle
triangle_818.png,triangle
circle_955.png,circle
triangle_830.png,triangle
triangle_824.png,triangle
circle_969.png,circle
triangle_171.png,triangle
circle_982.png,circle
triangle_617.png,triangle
triangle_603.png,triangle
rectangle_639.png,rectangle
circle_996.png,circle
triangle_165.png,triangle
rectangle_177.png,rectangle
circle_766.png,circle
rectangle_611.png,rectangle
rectangle_605.png,rectangle
triangle_159.png,triangle
rectangle_163.png,rectangle
circle_772.png,circle
triangle_398.png,triangle
triangle_415.png,triangle
circle_558.png,circle
rectangle_349.png,rectangle
triangle_373.png,triangle
triangle_367.png,triangle
triangle_401.png,triangle
rectangle_413.png,rectangle
circle_202.png,circle
triangle_429.png,triangle
circle_564.png,circle
rectangle_375.png,rectangle
circle_570.png,circle
rectangle_361.png,rectangle
rectangle_407.png,rectangle
circle_216.png,circle
rectangle_598.png,rectangle
circle_389.png,circle
circle_33.png,circle
circle_27.png,circle
triangle_561.png,triangle
triangle_207.png,triangle
triangle_213.png,triangle
rectangle_229.png,rectangle
circle_438.png,circle
triangle_575.png,triangle
circle_376.png,circle
rectangle_567.png,rectangle
rectangle_201.png,rectangle
circle_410.png,circle
rectangle_215.png,rectangle
circle_404.png,circle
triangle_549.png,triangle
circle_362.png,circle
rectangle_573.png,rectangle
circle_835.png,circle
triangle_978.png,triangle
rectangle_942.png,rectangle
rectangle_956.png,rectangle
circle_821.png,circle
circle_809.png,circle
triangle_944.png,triangle
triangle_950.png,triangle
triangle_788.png,triangle
rectangle_31.png,rectangle
rectangle_759.png,rectangle
rectangle_981.png,rectangle
circle_148.png,circle
triangle_763.png,triangle
triangle_777.png,triangle
rectangle_995.png,rectangle
triangle_28.png,triangle
rectangle_25.png,rectangle
circle_612.png,circle
triangle_987.png,triangle
rectangle_765.png,rectangle
circle_174.png,circle
rectangle_771.png,rectangle
circle_160.png,circle
triangle_993.png,triangle
rectangle_19.png,rectangle
circle_606.png,circle
triangle_14.png,triangle
rectangle_21.png,rectangle
rectangle_991.png,rectangle
circle_158.png,circle
rectangle_749.png,rectangle
triangle_773.png,triangle
triangle_767.png,triangle
rectangle_985.png,rectangle
triangle_38.png,triangle
rectangle_35.png,rectangle
triangle_10.png,triangle
circle_602.png,circle
triangle_997.png,triangle
circle_164.png,circle
rectangle_775.png,rectangle
circle_170.png,circle
rectangle_761.png,rectangle
circle_9.png,circle
triangle_983.png,triangle
circle_616.png,circle
circle_825.png,circle
triangle_968.png,triangle
rectangle_952.png,rectangle
rectangle_946.png,rectangle
circle_831.png,circle
circle_819.png,circle
triangle_954.png,triangle
triangle_798.png,triangle
triangle_940.png,triangle
triangle_571.png,triangle
triangle_217.png,triangle
triangle_203.png,triangle
circle_428.png,circle
rectangle_239.png,rectangle
triangle_565.png,triangle
rectangle_577.png,rectangle
circle_366.png,circle
circle_400.png,circle
rectangle_211.png,rectangle
circle_414.png,circle
rectangle_205.png,rectangle
triangle_559.png,triangle
rectangle_563.png,rectangle
circle_372.png,circle
circle_399.png,circle
rectangle_588.png,rectangle
circle_23.png,circle
circle_37.png,circle
triangle_405.png,triangle
rectangle_359.png,rectangle
circle_548.png,circle
triangle_363.png,triangle
triangle_377.png,triangle
triangle_411.png,triangle
circle_212.png,circle
rectangle_403.png,rectangle
triangle_439.png,triangle
rectangle_365.png,rectangle
circle_574.png,circle
rectangle_371.png,rectangle
circle_560.png,circle
circle_206.png,circle
rectangle_417.png,rectangle
triangle_388.png,triangle
triangle_161.png,triangle
circle_992.png,circle
triangle_607.png,triangle
triangle_613.png,triangle
rectangle_629.png,rectangle
circle_986.png,circle
triangle_175.png,triangle
circle_776.png,circle
rectangle_167.png,rectangle
rectangle_601.png,rectangle
rectangle_615.png,rectangle
triangle_149.png,triangle
circle_762.png,circle
rectangle_173.png,rectangle
rectangle_198.png,rectangle
circle_951.png,circle
circle_789.png,circle
rectangle_826.png,rectangle
rectangle_832.png,rectangle
triangle_808.png,triangle
circle_945.png,circle
triangle_820.png,triangle
triangle_834.png,triangle
circle_979.png,circle
triangle_835.png,triangle
circle_978.png,circle
triangle_821.png,triangle
triangle_809.png,triangle
rectangle_833.png,rectangle
circle_944.png,circle
circle_788.png,circle
circle_950.png,circle
rectangle_199.png,rectangle
rectangle_827.png,rectangle
rectangle_614.png,rectangle
rectangle_172.png,rectangle
circle_763.png,circle
triangle_148.png,triangle
rectangle_166.png,rectangle
circle_777.png,circle
rectangle_600.png,rectangle
rectangle_628.png,rectangle
triangle_612.png,triangle
triangle_174.png,triangle
circle_987.png,circle
circle_993.png,circle
triangle_160.png,triangle
triangle_606.png,triangle
triangle_389.png,triangle
circle_561.png,circle
rectangle_370.png,rectangle
rectangle_416.png,rectangle
circle_207.png,circle
triangle_438.png,triangle
rectangle_402.png,rectangle
circle_213.png,circle
circle_575.png,circle
rectangle_364.png,rectangle
triangle_376.png,triangle
triangle_410.png,triangle
triangle_404.png,triangle
triangle_362.png,triangle
circle_549.png,circle
rectangle_358.png,rectangle
circle_36.png,circle
circle_22.png,circle
rectangle_589.png,rectangle
circle_398.png,circle
rectangle_204.png,rectangle
circle_415.png,circle
circle_373.png,circle
rectangle_562.png,rectangle
triangle_558.png,triangle
circle_367.png,circle
rectangle_576.png,rectangle
rectangle_210.png,rectangle
circle_401.png,circle
rectangle_238.png,rectangle
circle_429.png,circle
triangle_202.png,triangle
triangle_564.png,triangle
triangle_570.png,triangle
triangle_216.png,triangle
triangle_941.png,triangle
triangle_799.png,triangle
circle_818.png,circle
triangle_955.png,triangle
rectangle_947.png,rectangle
circle_830.png,circle
circle_824.png,circle
rectangle_953.png,rectangle
triangle_969.png,triangle
triangle_982.png,triangle
rectangle_760.png,rectangle
circle_8.png,circle
circle_171.png,circle
circle_617.png,circle
circle_603.png,circle
triangle_11.png,triangle
rectangle_774.png,rectangle
circle_165.png,circle
triangle_996.png,triangle
rectangle_984.png,rectangle
triangle_766.png,triangle
rectangle_34.png,rectangle
triangle_39.png,triangle
rectangle_20.png,rectangle
triangle_772.png,triangle
rectangle_748.png,rectangle
circle_159.png,circle
rectangle_990.png,rectangle
circle_629.png,circle
rectangle_36.png,rectangle
triangle_764.png,triangle
rectangle_986.png,rectangle
rectangle_992.png,rectangle
triangle_770.png,triangle
rectangle_22.png,rectangle
circle_615.png,circle
circle_173.png,circle
rectangle_762.png,rectangle
triangle_980.png,triangle
triangle_758.png,triangle
triangle_994.png,triangle
circle_167.png,circle
rectangle_776.png,rectangle
triangle_13.png,triangle
circle_601.png,circle
circle_832.png,circle
rectangle_945.png,rectangle
rectangle_789.png,rectangle
rectangle_951.png,rectangle
circle_198.png,circle
circle_826.png,circle
triangle_943.png,triangle
rectangle_979.png,rectangle
triangle_957.png,triangle
triangle_566.png,triangle
triangle_200.png,triangle
triangle_214.png,triangle
triangle_572.png,triangle
rectangle_548.png,rectangle
circle_359.png,circle
rectangle_560.png,rectangle
circle_371.png,circle
circle_417.png,circle
rectangle_206.png,rectangle
triangle_228.png,triangle
circle_403.png,circle
rectangle_212.png,rectangle
rectangle_574.png,rectangle
circle_365.png,circle
triangle_599.png,triangle
circle_34.png,circle
circle_20.png,circle
circle_239.png,circle
rectangle_428.png,rectangle
triangle_412.png,triangle
triangle_374.png,triangle
triangle_360.png,triangle
triangle_406.png,triangle
circle_205.png,circle
rectangle_414.png,rectangle
rectangle_372.png,rectangle
circle_563.png,circle
triangle_348.png,triangle
rectangle_366.png,rectangle
circle_577.png,circle
circle_211.png,circle
rectangle_400.png,rectangle
circle_588.png,circle
rectangle_399.png,rectangle
circle_985.png,circle
triangle_176.png,triangle
triangle_610.png,triangle
triangle_604.png,triangle
triangle_162.png,triangle
circle_749.png,circle
rectangle_158.png,rectangle
circle_991.png,circle
circle_761.png,circle
rectangle_170.png,rectangle
rectangle_616.png,rectangle
triangle_638.png,triangle
rectangle_602.png,rectangle
circle_775.png,circle
rectangle_164.png,rectangle
circle_946.png,circle
rectangle_831.png,rectangle
rectangle_825.png,rectangle
circle_952.png,circle
triangle_189.png,triangle
triangle_837.png,triangle
rectangle_819.png,rectangle
triangle_823.png,triangle
triangle_822.png,triangle
rectangle_818.png,rectangle
triangle_188.png,triangle
triangle_836.png,triangle
rectangle_824.png,rectangle
circle_953.png,circle
circle_947.png,circle
rectangle_830.png,rectangle
rectangle_603.png,rectangle
triangle_639.png,triangle
rectangle_165.png,rectangle
circle_774.png,circle
rectangle_171.png,rectangle
circle_760.png,circle
rectangle_617.png,rectangle
triangle_605.png,triangle
circle_990.png,circle
rectangle_159.png,rectangle
circle_748.png,circle
triangle_163.png,triangle
triangle_177.png,triangle
circle_984.png,circle
triangle_611.png,triangle
rectangle_398.png,rectangle
circle_589.png,circle
circle_576.png,circle
rectangle_367.png,rectangle
rectangle_401.png,rectangle
circle_210.png,circle
rectangle_415.png,rectangle
circle_204.png,circle
triangle_349.png,triangle
circle_562.png,circle
rectangle_373.png,rectangle
triangle_361.png,triangle
triangle_407.png,triangle
triangle_413.png,triangle
rectangle_429.png,rectangle
circle_238.png,circle
triangle_375.png,triangle
circle_21.png,circle
triangle_598.png,triangle
circle_35.png,circle
rectangle_213.png,rectangle
circle_402.png,circle
triangle_229.png,triangle
circle_364.png,circle
rectangle_575.png,rectangle
circle_370.png,circle
rectangle_561.png,rectangle
rectangle_207.png,rectangle
circle_416.png,circle
triangle_215.png,triangle
circle_358.png,circle
rectangle_549.png,rectangle
triangle_573.png,triangle
triangle_567.png,triangle
triangle_201.png,triangle
triangle_956.png,triangle
rectangle_978.png,rectangle
triangle_942.png,triangle
circle_199.png,circle
rectangle_950.png,rectangle
rectangle_788.png,rectangle
circle_827.png,circle
circle_833.png,circle
rectangle_944.png,rectangle
rectangle_777.png,rectangle
circle_166.png,circle
triangle_995.png,triangle
circle_600.png,circle
triangle_12.png,triangle
circle_614.png,circle
triangle_759.png,triangle
triangle_981.png,triangle
rectangle_763.png,rectangle
circle_172.png,circle
triangle_771.png,triangle
rectangle_993.png,rectangle
rectangle_23.png,rectangle
rectangle_37.png,rectangle
circle_628.png,circle
rectangle_987.png,rectangle
triangle_765.png,triangle
